mode,workload,workers,trial,tasks,wall_time_sec,throughput,avg_lat_ms,p50_lat_ms,p95_lat_ms,p99_lat_ms,max_lat_ms,avg_wait_ms,worker_changes
fixed,Phase-changing,10,1,180000,31.9806,5628.4,15975.693,15975.160,30662.560,31682.362,31938.537,15973.917,0
fixed,Phase-changing,10,2,180000,31.9870,5627.3,15970.126,15957.872,30656.569,31675.189,31930.746,15968.350,0
fixed,Phase-changing,10,3,180000,32.0048,5624.2,15991.181,15990.513,30667.898,31687.078,31942.872,15989.404,0
fixed,Phase-changing,20,1,180000,24.5181,7341.5,12255.676,12251.793,23225.881,24243.468,24498.356,12252.955,0
fixed,Phase-changing,20,2,180000,24.5293,7338.2,12220.133,12209.897,23199.798,24220.460,24476.433,12217.410,0
fixed,Phase-changing,20,3,180000,24.5645,7327.7,12256.680,12266.432,23233.330,24263.566,24519.416,12253.954,0
fixed,Phase-changing,32,1,180000,21.7869,8261.9,10854.916,10857.464,20468.485,21492.086,21746.522,10851.049,0
fixed,Phase-changing,32,2,180000,21.7736,8266.9,10829.934,10828.469,20390.511,21441.516,21691.643,10826.072,0
fixed,Phase-changing,32,3,180000,21.9140,8213.9,10850.758,10829.645,20425.804,21576.787,21873.725,10846.870,0
fixed,Phase-changing,48,1,180000,20.2790,8876.2,10149.474,10136.529,18924.502,19944.835,20203.150,10144.082,0
fixed,Phase-changing,48,2,180000,20.2928,8870.1,10111.234,10110.567,18960.689,19981.708,20234.761,10105.830,0
fixed,Phase-changing,48,3,180000,20.2751,8877.9,10062.201,10029.520,18896.430,19914.489,20167.651,10056.807,0
fixed,Phase-changing,64,1,180000,19.4127,9272.3,9634.791,9615.624,18047.455,19068.732,19324.893,9627.918,0
fixed,Phase-changing,64,2,180000,19.5054,9228.2,9645.905,9628.516,18079.887,19105.719,19405.840,9639.017,0
fixed,Phase-changing,64,3,180000,19.7027,9135.8,9838.057,9843.959,18310.926,19323.659,19575.624,9831.065,0
adaptive,Phase-changing,10,1,180000,21.0854,8536.7,10738.875,11258.712,19742.283,20766.388,21020.833,10734.619,109
adaptive,Phase-changing,10,2,180000,21.4335,8398.1,10981.938,11639.071,20134.082,21157.743,21411.266,10977.680,111
adaptive,Phase-changing,10,3,180000,20.1014,8954.6,10131.449,10240.835,18803.082,19827.317,20080.110,10126.991,105
fixed,Phase-changing,10,1,360000,64.1016,5616.1,31998.586,32001.670,61472.932,63518.929,64030.483,31996.806,0
fixed,Phase-changing,10,2,360000,64.0392,5621.6,32008.851,32011.000,61419.694,63463.406,63975.095,32007.072,0
fixed,Phase-changing,10,3,360000,64.5032,5581.1,32369.895,32502.274,61904.111,63948.658,64461.452,32368.104,0
fixed,Phase-changing,32,1,360000,43.8769,8204.8,21705.396,21659.816,41072.432,43188.098,43714.266,21701.503,0
fixed,Phase-changing,32,2,360000,43.6312,8251.0,21813.943,21774.555,40999.751,43028.581,43534.966,21810.072,0
fixed,Phase-changing,32,3,360000,43.9535,8190.5,21825.187,21720.493,41296.593,43335.630,43860.444,21821.289,0
fixed,Phase-changing,64,1,360000,39.4006,9136.9,19791.208,19946.719,36620.117,38673.495,39180.353,19784.241,0
fixed,Phase-changing,64,2,360000,39.2505,9171.9,19546.485,19473.854,36527.074,38585.654,39098.402,19539.535,0
fixed,Phase-changing,64,3,360000,39.1600,9193.1,19498.965,19522.919,36399.865,38443.725,38948.922,19492.031,0
adaptive,Phase-changing,10,1,360000,40.6782,8849.9,20600.997,21128.086,38079.663,40129.391,40637.266,20596.692,204
adaptive,Phase-changing,10,2,360000,42.0873,8553.7,21707.223,22573.070,39487.647,41531.833,42042.473,21703.037,210
adaptive,Phase-changing,10,3,360000,39.8878,9025.3,20135.820,20370.093,37290.835,39331.799,39843.031,20131.472,202
